[
{
  "model": "admin.logentry",
  "pk": 1,
  "fields": {
    "action_time": "2020-09-18T18:02:52.567Z",
    "user": 1,
    "content_type": 9,
    "object_id": "1",
    "object_repr": "یخچال فریزر",
    "action_flag": 1,
    "change_message": "[{\"added\": {}}]"
  }
},
{
  "model": "admin.logentry",
  "pk": 2,
  "fields": {
    "action_time": "2020-09-18T18:04:21.560Z",
    "user": 1,
    "content_type": 8,
    "object_id": "1",
    "object_repr": "یخساران",
    "action_flag": 1,
    "change_message": "[{\"added\": {}}]"
  }
},
{
  "model": "admin.logentry",
  "pk": 3,
  "fields": {
    "action_time": "2020-09-18T18:04:38.345Z",
    "user": 1,
    "content_type": 8,
    "object_id": "2",
    "object_repr": "بنس",
    "action_flag": 1,
    "change_message": "[{\"added\": {}}]"
  }
},
{
  "model": "admin.logentry",
  "pk": 4,
  "fields": {
    "action_time": "2020-09-18T18:07:04.460Z",
    "user": 1,
    "content_type": 10,
    "object_id": "1",
    "object_repr": "یخچال فریزر کمبی بنس مدل C5",
    "action_flag": 1,
    "change_message": "[{\"added\": {}}]"
  }
},
{
  "model": "admin.logentry",
  "pk": 5,
  "fields": {
    "action_time": "2020-09-18T18:07:27.401Z",
    "user": 1,
    "content_type": 10,
    "object_id": "2",
    "object_repr": "یخچال فریزر دوقلوی بنس مدل T7",
    "action_flag": 1,
    "change_message": "[{\"added\": {}}]"
  }
},
{
  "model": "admin.logentry",
  "pk": 6,
  "fields": {
    "action_time": "2020-09-18T20:50:02.614Z",
    "user": 1,
    "content_type": 9,
    "object_id": "2",
    "object_repr": "اجاق گاز",
    "action_flag": 1,
    "change_message": "[{\"added\": {}}]"
  }
},
{
  "model": "admin.logentry",
  "pk": 7,
  "fields": {
    "action_time": "2020-09-18T20:50:08.825Z",
    "user": 1,
    "content_type": 8,
    "object_id": "3",
    "object_repr": "پیلوت",
    "action_flag": 1,
    "change_message": "[{\"added\": {}}]"
  }
},
{
  "model": "admin.logentry",
  "pk": 8,
  "fields": {
    "action_time": "2020-09-18T20:50:55.004Z",
    "user": 1,
    "content_type": 9,
    "object_id": "3",
    "object_repr": "جاروبرقی",
    "action_flag": 1,
    "change_message": "[{\"added\": {}}]"
  }
},
{
  "model": "admin.logentry",
  "pk": 9,
  "fields": {
    "action_time": "2020-09-18T20:51:03.476Z",
    "user": 1,
    "content_type": 9,
    "object_id": "4",
    "object_repr": "چای ساز",
    "action_flag": 1,
    "change_message": "[{\"added\": {}}]"
  }
},
{
  "model": "admin.logentry",
  "pk": 10,
  "fields": {
    "action_time": "2020-09-18T20:51:09.886Z",
    "user": 1,
    "content_type": 9,
    "object_id": "5",
    "object_repr": "تخم مرغ پز",
    "action_flag": 1,
    "change_message": "[{\"added\": {}}]"
  }
},
{
  "model": "admin.logentry",
  "pk": 11,
  "fields": {
    "action_time": "2020-09-18T20:51:15.249Z",
    "user": 1,
    "content_type": 9,
    "object_id": "6",
    "object_repr": "چرخ گوشت",
    "action_flag": 1,
    "change_message": "[{\"added\": {}}]"
  }
},
{
  "model": "admin.logentry",
  "pk": 12,
  "fields": {
    "action_time": "2020-09-18T20:51:21.157Z",
    "user": 1,
    "content_type": 9,
    "object_id": "7",
    "object_repr": "خرد کن",
    "action_flag": 1,
    "change_message": "[{\"added\": {}}]"
  }
},
{
  "model": "admin.logentry",
  "pk": 13,
  "fields": {
    "action_time": "2020-09-18T20:51:34.478Z",
    "user": 1,
    "content_type": 9,
    "object_id": "8",
    "object_repr": "اتو",
    "action_flag": 1,
    "change_message": "[{\"added\": {}}]"
  }
},
{
  "model": "admin.logentry",
  "pk": 14,
  "fields": {
    "action_time": "2020-09-18T20:51:38.476Z",
    "user": 1,
    "content_type": 9,
    "object_id": "9",
    "object_repr": "پنکه",
    "action_flag": 1,
    "change_message": "[{\"added\": {}}]"
  }
},
{
  "model": "admin.logentry",
  "pk": 15,
  "fields": {
    "action_time": "2020-09-18T20:51:51.288Z",
    "user": 1,
    "content_type": 8,
    "object_id": "4",
    "object_repr": "ویداس",
    "action_flag": 1,
    "change_message": "[{\"added\": {}}]"
  }
},
{
  "model": "admin.logentry",
  "pk": 16,
  "fields": {
    "action_time": "2020-09-18T20:53:03.298Z",
    "user": 1,
    "content_type": 9,
    "object_id": "10",
    "object_repr": "غذاساز",
    "action_flag": 1,
    "change_message": "[{\"added\": {}}]"
  }
},
{
  "model": "admin.logentry",
  "pk": 17,
  "fields": {
    "action_time": "2020-09-18T20:53:22.936Z",
    "user": 1,
    "content_type": 8,
    "object_id": "5",
    "object_repr": "بیم",
    "action_flag": 1,
    "change_message": "[{\"added\": {}}]"
  }
},
{
  "model": "admin.logentry",
  "pk": 18,
  "fields": {
    "action_time": "2020-09-18T20:59:46.823Z",
    "user": 1,
    "content_type": 10,
    "object_id": "3",
    "object_repr": "یخچال فریزر دوقلوی بنس مدل D4i",
    "action_flag": 1,
    "change_message": "[{\"added\": {}}]"
  }
},
{
  "model": "admin.logentry",
  "pk": 19,
  "fields": {
    "action_time": "2020-09-19T04:32:45.852Z",
    "user": 1,
    "content_type": 14,
    "object_id": "1",
    "object_repr": "AboutUs object (1)",
    "action_flag": 1,
    "change_message": "[{\"added\": {}}]"
  }
},
{
  "model": "admin.logentry",
  "pk": 20,
  "fields": {
    "action_time": "2020-09-19T06:24:15.539Z",
    "user": 1,
    "content_type": 15,
    "object_id": "1",
    "object_repr": "درباره ما",
    "action_flag": 1,
    "change_message": "[{\"added\": {}}]"
  }
},
{
  "model": "admin.logentry",
  "pk": 21,
  "fields": {
    "action_time": "2020-09-19T08:35:27.370Z",
    "user": 1,
    "content_type": 15,
    "object_id": "1",
    "object_repr": "درباره من",
    "action_flag": 2,
    "change_message": "[{\"changed\": {\"fields\": [\"Title\"]}}]"
  }
},
{
  "model": "admin.logentry",
  "pk": 22,
  "fields": {
    "action_time": "2020-09-19T08:35:38.911Z",
    "user": 1,
    "content_type": 15,
    "object_id": "1",
    "object_repr": "درباره ما",
    "action_flag": 2,
    "change_message": "[{\"changed\": {\"fields\": [\"Title\"]}}]"
  }
},
{
  "model": "admin.logentry",
  "pk": 23,
  "fields": {
    "action_time": "2020-09-20T10:17:14.201Z",
    "user": 1,
    "content_type": 17,
    "object_id": "1",
    "object_repr": "main-menu",
    "action_flag": 1,
    "change_message": "[{\"added\": {}}]"
  }
},
{
  "model": "admin.logentry",
  "pk": 24,
  "fields": {
    "action_time": "2020-09-20T10:17:55.746Z",
    "user": 1,
    "content_type": 16,
    "object_id": "1",
    "object_repr": "delonghi 0. محصولات دلونگی",
    "action_flag": 1,
    "change_message": "[{\"added\": {}}]"
  }
},
{
  "model": "admin.logentry",
  "pk": 25,
  "fields": {
    "action_time": "2020-09-20T10:27:30.820Z",
    "user": 1,
    "content_type": 17,
    "object_id": "1",
    "object_repr": "main-menu",
    "action_flag": 2,
    "change_message": "[{\"changed\": {\"fields\": [\"Slug\", \"Base url\"]}}]"
  }
},
{
  "model": "admin.logentry",
  "pk": 26,
  "fields": {
    "action_time": "2020-09-20T11:33:12.237Z",
    "user": 1,
    "content_type": 17,
    "object_id": "1",
    "object_repr": "main-menu",
    "action_flag": 2,
    "change_message": "[{\"changed\": {\"fields\": [\"Base url\"]}}]"
  }
},
{
  "model": "admin.logentry",
  "pk": 27,
  "fields": {
    "action_time": "2020-09-20T12:18:54.019Z",
    "user": 1,
    "content_type": 17,
    "object_id": "1",
    "object_repr": "دلونگی",
    "action_flag": 2,
    "change_message": "[{\"changed\": {\"fields\": [\"Name\"]}}]"
  }
},
{
  "model": "admin.logentry",
  "pk": 28,
  "fields": {
    "action_time": "2020-09-20T12:20:10.356Z",
    "user": 1,
    "content_type": 17,
    "object_id": "1",
    "object_repr": "دلونگی",
    "action_flag": 2,
    "change_message": "[{\"changed\": {\"fields\": [\"Slug\"]}}]"
  }
},
{
  "model": "admin.logentry",
  "pk": 29,
  "fields": {
    "action_time": "2020-09-20T13:46:21.275Z",
    "user": 1,
    "content_type": 9,
    "object_id": "11",
    "object_repr": "بخاری گازی",
    "action_flag": 1,
    "change_message": "[{\"added\": {}}]"
  }
},
{
  "model": "admin.logentry",
  "pk": 30,
  "fields": {
    "action_time": "2020-09-20T13:46:25.608Z",
    "user": 1,
    "content_type": 9,
    "object_id": "12",
    "object_repr": "بخاری",
    "action_flag": 1,
    "change_message": "[{\"added\": {}}]"
  }
},
{
  "model": "admin.logentry",
  "pk": 31,
  "fields": {
    "action_time": "2020-09-20T13:46:30.025Z",
    "user": 1,
    "content_type": 9,
    "object_id": "13",
    "object_repr": "آبگرمکن",
    "action_flag": 1,
    "change_message": "[{\"added\": {}}]"
  }
},
{
  "model": "admin.logentry",
  "pk": 32,
  "fields": {
    "action_time": "2020-09-20T13:46:32.588Z",
    "user": 1,
    "content_type": 8,
    "object_id": "6",
    "object_repr": "سپهر الکتریک",
    "action_flag": 1,
    "change_message": "[{\"added\": {}}]"
  }
},
{
  "model": "admin.logentry",
  "pk": 33,
  "fields": {
    "action_time": "2020-09-20T14:14:40.069Z",
    "user": 1,
    "content_type": 8,
    "object_id": "6",
    "object_repr": "سپهر الکتریک",
    "action_flag": 2,
    "change_message": "[{\"changed\": {\"fields\": [\"Show brand\"]}}]"
  }
},
{
  "model": "admin.logentry",
  "pk": 34,
  "fields": {
    "action_time": "2020-09-20T14:14:50.933Z",
    "user": 1,
    "content_type": 8,
    "object_id": "6",
    "object_repr": "سپهر الکتریک",
    "action_flag": 2,
    "change_message": "[{\"changed\": {\"fields\": [\"Show brand\"]}}]"
  }
},
{
  "model": "admin.logentry",
  "pk": 35,
  "fields": {
    "action_time": "2020-09-20T14:15:07.268Z",
    "user": 1,
    "content_type": 8,
    "object_id": "6",
    "object_repr": "سپهر الکتریک",
    "action_flag": 2,
    "change_message": "[{\"changed\": {\"fields\": [\"Show brand\"]}}]"
  }
},
{
  "model": "admin.logentry",
  "pk": 36,
  "fields": {
    "action_time": "2020-09-20T14:15:14.919Z",
    "user": 1,
    "content_type": 8,
    "object_id": "6",
    "object_repr": "سپهر الکتریک",
    "action_flag": 2,
    "change_message": "[{\"changed\": {\"fields\": [\"Show brand\"]}}]"
  }
},
{
  "model": "admin.logentry",
  "pk": 37,
  "fields": {
    "action_time": "2020-09-20T15:14:25.116Z",
    "user": 1,
    "content_type": 9,
    "object_id": "14",
    "object_repr": "تلویزیون",
    "action_flag": 1,
    "change_message": "[{\"added\": {}}]"
  }
},
{
  "model": "admin.logentry",
  "pk": 38,
  "fields": {
    "action_time": "2020-09-20T15:14:33.564Z",
    "user": 1,
    "content_type": 8,
    "object_id": "7",
    "object_repr": "برونت",
    "action_flag": 1,
    "change_message": "[{\"added\": {}}]"
  }
},
{
  "model": "admin.logentry",
  "pk": 39,
  "fields": {
    "action_time": "2020-09-20T15:18:52.796Z",
    "user": 1,
    "content_type": 9,
    "object_id": "15",
    "object_repr": "ماشین لباسشویی",
    "action_flag": 1,
    "change_message": "[{\"added\": {}}]"
  }
},
{
  "model": "admin.logentry",
  "pk": 40,
  "fields": {
    "action_time": "2020-09-20T15:18:57.663Z",
    "user": 1,
    "content_type": 9,
    "object_id": "16",
    "object_repr": "ماشین ظرفشویی",
    "action_flag": 1,
    "change_message": "[{\"added\": {}}]"
  }
},
{
  "model": "admin.logentry",
  "pk": 41,
  "fields": {
    "action_time": "2020-09-20T15:19:28.447Z",
    "user": 1,
    "content_type": 8,
    "object_id": "8",
    "object_repr": "پاکشوما",
    "action_flag": 1,
    "change_message": "[{\"added\": {}}]"
  }
},
{
  "model": "admin.logentry",
  "pk": 42,
  "fields": {
    "action_time": "2020-09-20T15:22:07.310Z",
    "user": 1,
    "content_type": 8,
    "object_id": "8",
    "object_repr": "پاکشوما",
    "action_flag": 3,
    "change_message": ""
  }
},
{
  "model": "admin.logentry",
  "pk": 43,
  "fields": {
    "action_time": "2020-09-20T15:23:55.912Z",
    "user": 1,
    "content_type": 9,
    "object_id": "17",
    "object_repr": "کولر گازی",
    "action_flag": 1,
    "change_message": "[{\"added\": {}}]"
  }
},
{
  "model": "admin.logentry",
  "pk": 44,
  "fields": {
    "action_time": "2020-09-20T15:24:30.159Z",
    "user": 1,
    "content_type": 8,
    "object_id": "9",
    "object_repr": "مجیک",
    "action_flag": 1,
    "change_message": "[{\"added\": {}}]"
  }
},
{
  "model": "admin.logentry",
  "pk": 45,
  "fields": {
    "action_time": "2020-09-22T12:46:32.856Z",
    "user": 1,
    "content_type": 15,
    "object_id": "1",
    "object_repr": "درباره ما",
    "action_flag": 2,
    "change_message": "[{\"changed\": {\"fields\": [\"Show page\"]}}]"
  }
},
{
  "model": "admin.logentry",
  "pk": 46,
  "fields": {
    "action_time": "2020-09-22T12:46:40.911Z",
    "user": 1,
    "content_type": 15,
    "object_id": "1",
    "object_repr": "درباره ما",
    "action_flag": 2,
    "change_message": "[{\"changed\": {\"fields\": [\"Show page\"]}}]"
  }
},
{
  "model": "admin.logentry",
  "pk": 47,
  "fields": {
    "action_time": "2020-09-22T12:56:16.408Z",
    "user": 1,
    "content_type": 15,
    "object_id": "2",
    "object_repr": "تماس با ما",
    "action_flag": 1,
    "change_message": "[{\"added\": {}}]"
  }
},
{
  "model": "admin.logentry",
  "pk": 48,
  "fields": {
    "action_time": "2020-09-22T12:57:04.720Z",
    "user": 1,
    "content_type": 15,
    "object_id": "1",
    "object_repr": "درباره ما",
    "action_flag": 2,
    "change_message": "[{\"changed\": {\"fields\": [\"Page index\"]}}]"
  }
},
{
  "model": "admin.logentry",
  "pk": 49,
  "fields": {
    "action_time": "2020-09-22T12:57:20.806Z",
    "user": 1,
    "content_type": 15,
    "object_id": "1",
    "object_repr": "درباره ما",
    "action_flag": 2,
    "change_message": "[{\"changed\": {\"fields\": [\"Page index\"]}}]"
  }
},
{
  "model": "admin.logentry",
  "pk": 50,
  "fields": {
    "action_time": "2020-09-22T13:00:02.510Z",
    "user": 1,
    "content_type": 15,
    "object_id": "2",
    "object_repr": "تماس با ما",
    "action_flag": 2,
    "change_message": "[{\"changed\": {\"fields\": [\"Body\"]}}]"
  }
},
{
  "model": "admin.logentry",
  "pk": 51,
  "fields": {
    "action_time": "2020-09-22T13:00:10.102Z",
    "user": 1,
    "content_type": 15,
    "object_id": "2",
    "object_repr": "تماس با ما",
    "action_flag": 2,
    "change_message": "[{\"changed\": {\"fields\": [\"Body\"]}}]"
  }
},
{
  "model": "admin.logentry",
  "pk": 52,
  "fields": {
    "action_time": "2020-09-22T14:14:30.733Z",
    "user": 1,
    "content_type": 15,
    "object_id": "1",
    "object_repr": "درباره ما",
    "action_flag": 2,
    "change_message": "[{\"changed\": {\"fields\": [\"Body\"]}}]"
  }
},
{
  "model": "admin.logentry",
  "pk": 53,
  "fields": {
    "action_time": "2020-09-22T14:25:03.059Z",
    "user": 1,
    "content_type": 15,
    "object_id": "1",
    "object_repr": "درباره ما",
    "action_flag": 2,
    "change_message": "[{\"changed\": {\"fields\": [\"Content\"]}}]"
  }
},
{
  "model": "admin.logentry",
  "pk": 54,
  "fields": {
    "action_time": "2020-09-22T15:45:16.788Z",
    "user": 1,
    "content_type": 15,
    "object_id": "1",
    "object_repr": "درباره ما",
    "action_flag": 2,
    "change_message": "[{\"changed\": {\"fields\": [\"Body\", \"Content\"]}}]"
  }
},
{
  "model": "admin.logentry",
  "pk": 55,
  "fields": {
    "action_time": "2020-09-22T15:51:03.225Z",
    "user": 1,
    "content_type": 15,
    "object_id": "1",
    "object_repr": "درباره ما",
    "action_flag": 2,
    "change_message": "[{\"changed\": {\"fields\": [\"Body\"]}}]"
  }
},
{
  "model": "admin.logentry",
  "pk": 56,
  "fields": {
    "action_time": "2020-09-22T15:51:38.124Z",
    "user": 1,
    "content_type": 15,
    "object_id": "1",
    "object_repr": "درباره ما",
    "action_flag": 2,
    "change_message": "[{\"changed\": {\"fields\": [\"Body\"]}}]"
  }
},
{
  "model": "admin.logentry",
  "pk": 57,
  "fields": {
    "action_time": "2020-09-22T15:53:36.943Z",
    "user": 1,
    "content_type": 15,
    "object_id": "2",
    "object_repr": "تماس با ما",
    "action_flag": 2,
    "change_message": "[{\"changed\": {\"fields\": [\"Body\"]}}]"
  }
},
{
  "model": "admin.logentry",
  "pk": 58,
  "fields": {
    "action_time": "2020-09-22T15:53:54.845Z",
    "user": 1,
    "content_type": 15,
    "object_id": "2",
    "object_repr": "تماس با ما",
    "action_flag": 2,
    "change_message": "[{\"changed\": {\"fields\": [\"Body\"]}}]"
  }
},
{
  "model": "admin.logentry",
  "pk": 59,
  "fields": {
    "action_time": "2020-09-22T15:55:29.003Z",
    "user": 1,
    "content_type": 15,
    "object_id": "2",
    "object_repr": "تماس با ما",
    "action_flag": 2,
    "change_message": "[{\"changed\": {\"fields\": [\"Body\"]}}]"
  }
},
{
  "model": "admin.logentry",
  "pk": 60,
  "fields": {
    "action_time": "2020-09-22T16:04:24.380Z",
    "user": 1,
    "content_type": 15,
    "object_id": "3",
    "object_repr": "تیم رادمهر",
    "action_flag": 1,
    "change_message": "[{\"added\": {}}]"
  }
},
{
  "model": "admin.logentry",
  "pk": 61,
  "fields": {
    "action_time": "2020-09-22T16:51:14.067Z",
    "user": 1,
    "content_type": 15,
    "object_id": "4",
    "object_repr": "شرایط نمایندگی",
    "action_flag": 1,
    "change_message": "[{\"added\": {}}]"
  }
},
{
  "model": "admin.logentry",
  "pk": 62,
  "fields": {
    "action_time": "2020-09-22T16:51:31.394Z",
    "user": 1,
    "content_type": 15,
    "object_id": "4",
    "object_repr": "شرایط نمایندگی",
    "action_flag": 2,
    "change_message": "[{\"changed\": {\"fields\": [\"Body\"]}}]"
  }
},
{
  "model": "admin.logentry",
  "pk": 63,
  "fields": {
    "action_time": "2020-09-23T07:39:33.404Z",
    "user": 1,
    "content_type": 17,
    "object_id": "1",
    "object_repr": "دلونگی",
    "action_flag": 2,
    "change_message": "[]"
  }
},
{
  "model": "admin.logentry",
  "pk": 64,
  "fields": {
    "action_time": "2020-09-23T07:39:38.476Z",
    "user": 1,
    "content_type": 17,
    "object_id": "1",
    "object_repr": "دلونگی",
    "action_flag": 2,
    "change_message": "[]"
  }
},
{
  "model": "admin.logentry",
  "pk": 65,
  "fields": {
    "action_time": "2020-09-23T12:02:16.460Z",
    "user": 1,
    "content_type": 18,
    "object_id": "1",
    "object_repr": "seminar",
    "action_flag": 1,
    "change_message": "[{\"added\": {}}]"
  }
},
{
  "model": "admin.logentry",
  "pk": 66,
  "fields": {
    "action_time": "2020-09-23T12:02:22.845Z",
    "user": 1,
    "content_type": 18,
    "object_id": "2",
    "object_repr": "exhibition",
    "action_flag": 1,
    "change_message": "[{\"added\": {}}]"
  }
},
{
  "model": "admin.logentry",
  "pk": 67,
  "fields": {
    "action_time": "2020-09-23T12:03:39.740Z",
    "user": 1,
    "content_type": 18,
    "object_id": "1",
    "object_repr": "سمینار",
    "action_flag": 2,
    "change_message": "[{\"changed\": {\"fields\": [\"Name\"]}}]"
  }
},
{
  "model": "admin.logentry",
  "pk": 68,
  "fields": {
    "action_time": "2020-09-23T12:03:45.866Z",
    "user": 1,
    "content_type": 18,
    "object_id": "2",
    "object_repr": "نمایشگاه",
    "action_flag": 2,
    "change_message": "[{\"changed\": {\"fields\": [\"Name\"]}}]"
  }
},
{
  "model": "admin.logentry",
  "pk": 69,
  "fields": {
    "action_time": "2020-09-23T12:08:28.888Z",
    "user": 1,
    "content_type": 19,
    "object_id": "1",
    "object_repr": "همایش پیلوت 1",
    "action_flag": 1,
    "change_message": "[{\"added\": {}}]"
  }
},
{
  "model": "admin.logentry",
  "pk": 70,
  "fields": {
    "action_time": "2020-09-23T12:51:52.950Z",
    "user": 1,
    "content_type": 19,
    "object_id": "2",
    "object_repr": "نوزدهمین نمایشگاه بین المللی لوازم خانگی",
    "action_flag": 1,
    "change_message": "[{\"added\": {}}]"
  }
},
{
  "model": "admin.logentry",
  "pk": 71,
  "fields": {
    "action_time": "2020-09-23T12:52:17.461Z",
    "user": 1,
    "content_type": 19,
    "object_id": "2",
    "object_repr": "نوزدهمین نمایشگاه بین المللی لوازم خانگی",
    "action_flag": 2,
    "change_message": "[{\"changed\": {\"fields\": [\"Slug\"]}}]"
  }
},
{
  "model": "admin.logentry",
  "pk": 72,
  "fields": {
    "action_time": "2020-09-23T12:52:37.694Z",
    "user": 1,
    "content_type": 19,
    "object_id": "2",
    "object_repr": "نوزدهمین نمایشگاه بین المللی لوازم خانگی",
    "action_flag": 2,
    "change_message": "[]"
  }
},
{
  "model": "admin.logentry",
  "pk": 73,
  "fields": {
    "action_time": "2020-09-23T12:52:48.590Z",
    "user": 1,
    "content_type": 19,
    "object_id": "2",
    "object_repr": "نوزدهمین نمایشگاه بین المللی لوازم خانگی",
    "action_flag": 2,
    "change_message": "[{\"changed\": {\"fields\": [\"Slug\"]}}]"
  }
},
{
  "model": "admin.logentry",
  "pk": 74,
  "fields": {
    "action_time": "2020-09-23T12:52:55.091Z",
    "user": 1,
    "content_type": 19,
    "object_id": "2",
    "object_repr": "نوزدهمین نمایشگاه بین المللی لوازم خانگی",
    "action_flag": 2,
    "change_message": "[{\"changed\": {\"fields\": [\"Slug\"]}}]"
  }
},
{
  "model": "admin.logentry",
  "pk": 75,
  "fields": {
    "action_time": "2020-09-23T13:12:09.135Z",
    "user": 1,
    "content_type": 19,
    "object_id": "2",
    "object_repr": "نوزدهمین نمایشگاه بین المللی لوازم خانگی",
    "action_flag": 2,
    "change_message": "[{\"changed\": {\"fields\": [\"Event type\"]}}]"
  }
},
{
  "model": "admin.logentry",
  "pk": 76,
  "fields": {
    "action_time": "2020-09-23T13:17:58.011Z",
    "user": 1,
    "content_type": 19,
    "object_id": "2",
    "object_repr": "نوزدهمین نمایشگاه بین المللی لوازم خانگی",
    "action_flag": 2,
    "change_message": "[{\"changed\": {\"fields\": [\"Event type\"]}}]"
  }
},
{
  "model": "admin.logentry",
  "pk": 77,
  "fields": {
    "action_time": "2020-09-23T13:18:20.662Z",
    "user": 1,
    "content_type": 19,
    "object_id": "2",
    "object_repr": "نوزدهمین نمایشگاه بین المللی لوازم خانگی",
    "action_flag": 2,
    "change_message": "[{\"changed\": {\"fields\": [\"Event type\"]}}]"
  }
},
{
  "model": "admin.logentry",
  "pk": 78,
  "fields": {
    "action_time": "2020-09-23T13:32:30.354Z",
    "user": 1,
    "content_type": 19,
    "object_id": "3",
    "object_repr": "بیستیمن نمایشگاه بین المللی لوازم خانگی",
    "action_flag": 1,
    "change_message": "[{\"added\": {}}]"
  }
},
{
  "model": "admin.logentry",
  "pk": 79,
  "fields": {
    "action_time": "2020-09-23T13:32:53.928Z",
    "user": 1,
    "content_type": 19,
    "object_id": "3",
    "object_repr": "بیستیمن نمایشگاه بین المللی لوازم خانگی",
    "action_flag": 3,
    "change_message": ""
  }
},
{
  "model": "admin.logentry",
  "pk": 80,
  "fields": {
    "action_time": "2020-09-23T15:18:02.982Z",
    "user": 1,
    "content_type": 19,
    "object_id": "2",
    "object_repr": "نوزدهمین نمایشگاه بین المللی لوازم خانگی",
    "action_flag": 2,
    "change_message": "[{\"changed\": {\"fields\": [\"Event type\"]}}]"
  }
},
{
  "model": "admin.logentry",
  "pk": 81,
  "fields": {
    "action_time": "2020-09-23T15:18:15.547Z",
    "user": 1,
    "content_type": 19,
    "object_id": "2",
    "object_repr": "نوزدهمین نمایشگاه بین المللی لوازم خانگی",
    "action_flag": 2,
    "change_message": "[{\"changed\": {\"fields\": [\"Event type\"]}}]"
  }
},
{
  "model": "admin.logentry",
  "pk": 82,
  "fields": {
    "action_time": "2020-09-23T16:11:22.113Z",
    "user": 1,
    "content_type": 19,
    "object_id": "2",
    "object_repr": "نوزدهمین نمایشگاه بین المللی لوازم خانگی",
    "action_flag": 2,
    "change_message": "[{\"changed\": {\"fields\": [\"Slug\"]}}]"
  }
},
{
  "model": "admin.logentry",
  "pk": 83,
  "fields": {
    "action_time": "2020-09-23T16:11:35.707Z",
    "user": 1,
    "content_type": 19,
    "object_id": "2",
    "object_repr": "نوزدهمین نمایشگاه بین المللی لوازم خانگی",
    "action_flag": 2,
    "change_message": "[{\"changed\": {\"fields\": [\"Slug\"]}}]"
  }
},
{
  "model": "admin.logentry",
  "pk": 84,
  "fields": {
    "action_time": "2020-09-23T16:11:46.873Z",
    "user": 1,
    "content_type": 19,
    "object_id": "2",
    "object_repr": "نوزدهمین نمایشگاه بین المللی لوازم خانگی",
    "action_flag": 2,
    "change_message": "[{\"changed\": {\"fields\": [\"Slug\"]}}]"
  }
},
{
  "model": "admin.logentry",
  "pk": 85,
  "fields": {
    "action_time": "2020-09-23T16:13:24.053Z",
    "user": 1,
    "content_type": 19,
    "object_id": "2",
    "object_repr": "نوزدهمین نمایشگاه بین المللی لوازم خانگی",
    "action_flag": 3,
    "change_message": ""
  }
},
{
  "model": "admin.logentry",
  "pk": 86,
  "fields": {
    "action_time": "2020-09-23T16:13:45.076Z",
    "user": 1,
    "content_type": 19,
    "object_id": "4",
    "object_repr": "نوزدهمین نمایشگاه بین المللی لوازم خانگی",
    "action_flag": 1,
    "change_message": "[{\"added\": {}}]"
  }
},
{
  "model": "admin.logentry",
  "pk": 87,
  "fields": {
    "action_time": "2020-09-23T16:40:03.715Z",
    "user": 1,
    "content_type": 19,
    "object_id": "4",
    "object_repr": "نوزدهمین نمایشگاه بین المللی لوازم خانگی",
    "action_flag": 2,
    "change_message": "[{\"changed\": {\"fields\": [\"Slug\"]}}]"
  }
},
{
  "model": "admin.logentry",
  "pk": 88,
  "fields": {
    "action_time": "2020-09-23T16:41:52.708Z",
    "user": 1,
    "content_type": 19,
    "object_id": "4",
    "object_repr": "نوزدهمین نمایشگاه بین المللی لوازم خانگی",
    "action_flag": 2,
    "change_message": "[{\"changed\": {\"fields\": [\"Slug\"]}}]"
  }
},
{
  "model": "admin.logentry",
  "pk": 89,
  "fields": {
    "action_time": "2020-09-23T16:48:51.935Z",
    "user": 1,
    "content_type": 19,
    "object_id": "4",
    "object_repr": "نوزدهمین نمایشگاه بین المللی لوازم خانگی",
    "action_flag": 2,
    "change_message": "[{\"changed\": {\"fields\": [\"Slug\"]}}]"
  }
},
{
  "model": "admin.logentry",
  "pk": 90,
  "fields": {
    "action_time": "2020-09-23T16:52:09.356Z",
    "user": 1,
    "content_type": 19,
    "object_id": "4",
    "object_repr": "نوزدهمین نمایشگاه بین المللی لوازم خانگی",
    "action_flag": 3,
    "change_message": ""
  }
},
{
  "model": "admin.logentry",
  "pk": 91,
  "fields": {
    "action_time": "2020-09-23T16:52:55.445Z",
    "user": 1,
    "content_type": 19,
    "object_id": "5",
    "object_repr": "نوزدهمین نمایشگاه بین المللی لوازم خانگی",
    "action_flag": 1,
    "change_message": "[{\"added\": {}}]"
  }
},
{
  "model": "admin.logentry",
  "pk": 92,
  "fields": {
    "action_time": "2020-09-23T17:02:09.280Z",
    "user": 1,
    "content_type": 19,
    "object_id": "5",
    "object_repr": "نوزدهمین نمایشگاه بین المللی لوازم خانگی",
    "action_flag": 2,
    "change_message": "[{\"changed\": {\"fields\": [\"Slug\"]}}]"
  }
},
{
  "model": "admin.logentry",
  "pk": 93,
  "fields": {
    "action_time": "2020-09-24T07:40:18.501Z",
    "user": 1,
    "content_type": 19,
    "object_id": "5",
    "object_repr": "نوزدهمین نمایشگاه بین المللی لوازم خانگی",
    "action_flag": 3,
    "change_message": ""
  }
},
{
  "model": "admin.logentry",
  "pk": 94,
  "fields": {
    "action_time": "2020-09-24T07:41:40.604Z",
    "user": 1,
    "content_type": 19,
    "object_id": "6",
    "object_repr": "نوزدهمین نمایشگاه بین المللی لوازم خانگی",
    "action_flag": 1,
    "change_message": "[{\"added\": {}}]"
  }
},
{
  "model": "admin.logentry",
  "pk": 95,
  "fields": {
    "action_time": "2020-09-24T08:44:29.484Z",
    "user": 1,
    "content_type": 19,
    "object_id": "7",
    "object_repr": "نمایشگاه 2",
    "action_flag": 1,
    "change_message": "[{\"added\": {}}]"
  }
},
{
  "model": "admin.logentry",
  "pk": 96,
  "fields": {
    "action_time": "2020-09-24T09:08:01.570Z",
    "user": 1,
    "content_type": 19,
    "object_id": "7",
    "object_repr": "نمایشگاه 2",
    "action_flag": 3,
    "change_message": ""
  }
},
{
  "model": "admin.logentry",
  "pk": 97,
  "fields": {
    "action_time": "2020-09-24T09:08:02.093Z",
    "user": 1,
    "content_type": 19,
    "object_id": "6",
    "object_repr": "نوزدهمین نمایشگاه بین المللی لوازم خانگی",
    "action_flag": 3,
    "change_message": ""
  }
},
{
  "model": "admin.logentry",
  "pk": 98,
  "fields": {
    "action_time": "2020-09-24T09:08:02.313Z",
    "user": 1,
    "content_type": 19,
    "object_id": "1",
    "object_repr": "همایش پیلوت 1",
    "action_flag": 3,
    "change_message": ""
  }
},
{
  "model": "admin.logentry",
  "pk": 99,
  "fields": {
    "action_time": "2020-09-24T09:11:16.556Z",
    "user": 1,
    "content_type": 18,
    "object_id": "2",
    "object_repr": "seminar",
    "action_flag": 3,
    "change_message": ""
  }
},
{
  "model": "admin.logentry",
  "pk": 100,
  "fields": {
    "action_time": "2020-09-24T09:11:17.130Z",
    "user": 1,
    "content_type": 18,
    "object_id": "1",
    "object_repr": "seminar",
    "action_flag": 3,
    "change_message": ""
  }
},
{
  "model": "admin.logentry",
  "pk": 101,
  "fields": {
    "action_time": "2020-09-24T09:11:28.419Z",
    "user": 1,
    "content_type": 18,
    "object_id": "3",
    "object_repr": "seminar",
    "action_flag": 1,
    "change_message": "[{\"added\": {}}]"
  }
},
{
  "model": "admin.logentry",
  "pk": 102,
  "fields": {
    "action_time": "2020-09-24T09:11:32.856Z",
    "user": 1,
    "content_type": 18,
    "object_id": "4",
    "object_repr": "exhibition",
    "action_flag": 1,
    "change_message": "[{\"added\": {}}]"
  }
},
{
  "model": "admin.logentry",
  "pk": 103,
  "fields": {
    "action_time": "2020-09-24T09:12:00.900Z",
    "user": 1,
    "content_type": 19,
    "object_id": "1",
    "object_repr": "نوزدهمین نمایشگاه بین المللی لوازم خانگی",
    "action_flag": 1,
    "change_message": "[{\"added\": {}}]"
  }
},
{
  "model": "admin.logentry",
  "pk": 104,
  "fields": {
    "action_time": "2020-09-24T09:12:30.470Z",
    "user": 1,
    "content_type": 19,
    "object_id": "2",
    "object_repr": "سمینار پیلوت",
    "action_flag": 1,
    "change_message": "[{\"added\": {}}]"
  }
},
{
  "model": "admin.logentry",
  "pk": 105,
  "fields": {
    "action_time": "2020-09-24T09:44:33.307Z",
    "user": 1,
    "content_type": 19,
    "object_id": "2",
    "object_repr": "سمینار پیلوت",
    "action_flag": 3,
    "change_message": ""
  }
},
{
  "model": "admin.logentry",
  "pk": 106,
  "fields": {
    "action_time": "2020-09-24T09:44:33.868Z",
    "user": 1,
    "content_type": 19,
    "object_id": "1",
    "object_repr": "نوزدهمین نمایشگاه بین المللی لوازم خانگی",
    "action_flag": 3,
    "change_message": ""
  }
},
{
  "model": "admin.logentry",
  "pk": 107,
  "fields": {
    "action_time": "2020-09-24T09:45:45.479Z",
    "user": 1,
    "content_type": 18,
    "object_id": "4",
    "object_repr": "1",
    "action_flag": 3,
    "change_message": ""
  }
},
{
  "model": "admin.logentry",
  "pk": 108,
  "fields": {
    "action_time": "2020-09-24T09:45:45.669Z",
    "user": 1,
    "content_type": 18,
    "object_id": "3",
    "object_repr": "1",
    "action_flag": 3,
    "change_message": ""
  }
},
{
  "model": "admin.logentry",
  "pk": 109,
  "fields": {
    "action_time": "2020-09-24T09:46:43.229Z",
    "user": 1,
    "content_type": 18,
    "object_id": "5",
    "object_repr": "سمینار",
    "action_flag": 1,
    "change_message": "[{\"added\": {}}]"
  }
},
{
  "model": "admin.logentry",
  "pk": 110,
  "fields": {
    "action_time": "2020-09-24T09:47:03.854Z",
    "user": 1,
    "content_type": 19,
    "object_id": "1",
    "object_repr": "سمینار یخساران",
    "action_flag": 1,
    "change_message": "[{\"added\": {}}]"
  }
},
{
  "model": "admin.logentry",
  "pk": 111,
  "fields": {
    "action_time": "2020-09-24T09:47:48.231Z",
    "user": 1,
    "content_type": 18,
    "object_id": "6",
    "object_repr": "نمایشگاه",
    "action_flag": 1,
    "change_message": "[{\"added\": {}}]"
  }
},
{
  "model": "admin.logentry",
  "pk": 112,
  "fields": {
    "action_time": "2020-09-24T09:47:51.621Z",
    "user": 1,
    "content_type": 19,
    "object_id": "2",
    "object_repr": "نمایشگاه بین المللی 1",
    "action_flag": 1,
    "change_message": "[{\"added\": {}}]"
  }
},
{
  "model": "admin.logentry",
  "pk": 113,
  "fields": {
    "action_time": "2020-09-24T10:02:31.160Z",
    "user": 1,
    "content_type": 19,
    "object_id": "2",
    "object_repr": "نمایشگاه بین المللی 1",
    "action_flag": 2,
    "change_message": "[{\"changed\": {\"fields\": [\"Event type\"]}}]"
  }
},
{
  "model": "admin.logentry",
  "pk": 114,
  "fields": {
    "action_time": "2020-09-24T10:04:21.876Z",
    "user": 1,
    "content_type": 19,
    "object_id": "2",
    "object_repr": "نمایشگاه بین المللی 1",
    "action_flag": 2,
    "change_message": "[{\"changed\": {\"fields\": [\"Events\"]}}]"
  }
},
{
  "model": "admin.logentry",
  "pk": 115,
  "fields": {
    "action_time": "2020-09-24T10:04:35.129Z",
    "user": 1,
    "content_type": 19,
    "object_id": "2",
    "object_repr": "نمایشگاه بین المللی 1",
    "action_flag": 2,
    "change_message": "[{\"changed\": {\"fields\": [\"Events\"]}}]"
  }
},
{
  "model": "admin.logentry",
  "pk": 116,
  "fields": {
    "action_time": "2020-09-24T12:50:43.275Z",
    "user": 1,
    "content_type": 19,
    "object_id": "3",
    "object_repr": "نوزدهمین نمایشگاه بین المللی لوازم خانگی",
    "action_flag": 1,
    "change_message": "[{\"added\": {}}]"
  }
},
{
  "model": "admin.logentry",
  "pk": 117,
  "fields": {
    "action_time": "2020-09-24T12:51:33.444Z",
    "user": 1,
    "content_type": 19,
    "object_id": "3",
    "object_repr": "نوزدهمین نمایشگاه بین المللی لوازم خانگی",
    "action_flag": 2,
    "change_message": "[{\"changed\": {\"fields\": [\"Body\"]}}]"
  }
},
{
  "model": "admin.logentry",
  "pk": 118,
  "fields": {
    "action_time": "2020-09-24T13:00:55.584Z",
    "user": 1,
    "content_type": 15,
    "object_id": "5",
    "object_repr": "خدمات پس از فروش",
    "action_flag": 1,
    "change_message": "[{\"added\": {}}]"
  }
},
{
  "model": "admin.logentry",
  "pk": 119,
  "fields": {
    "action_time": "2020-09-24T13:13:58.856Z",
    "user": 1,
    "content_type": 15,
    "object_id": "6",
    "object_repr": "فرصت های شغلی",
    "action_flag": 1,
    "change_message": "[{\"added\": {}}]"
  }
},
{
  "model": "admin.logentry",
  "pk": 120,
  "fields": {
    "action_time": "2020-09-24T13:18:23.328Z",
    "user": 1,
    "content_type": 15,
    "object_id": "5",
    "object_repr": "خدمات پس از فروش",
    "action_flag": 2,
    "change_message": "[{\"changed\": {\"fields\": [\"Slug\"]}}]"
  }
},
{
  "model": "admin.logentry",
  "pk": 121,
  "fields": {
    "action_time": "2020-09-24T13:24:30.611Z",
    "user": 1,
    "content_type": 15,
    "object_id": "7",
    "object_repr": "درخواست نمایندگی",
    "action_flag": 1,
    "change_message": "[{\"added\": {}}]"
  }
},
{
  "model": "auth.permission",
  "pk": 1,
  "fields": {
    "name": "Can add log entry",
    "content_type": 1,
    "codename": "add_logentry"
  }
},
{
  "model": "auth.permission",
  "pk": 2,
  "fields": {
    "name": "Can change log entry",
    "content_type": 1,
    "codename": "change_logentry"
  }
},
{
  "model": "auth.permission",
  "pk": 3,
  "fields": {
    "name": "Can delete log entry",
    "content_type": 1,
    "codename": "delete_logentry"
  }
},
{
  "model": "auth.permission",
  "pk": 4,
  "fields": {
    "name": "Can view log entry",
    "content_type": 1,
    "codename": "view_logentry"
  }
},
{
  "model": "auth.permission",
  "pk": 5,
  "fields": {
    "name": "Can add permission",
    "content_type": 2,
    "codename": "add_permission"
  }
},
{
  "model": "auth.permission",
  "pk": 6,
  "fields": {
    "name": "Can change permission",
    "content_type": 2,
    "codename": "change_permission"
  }
},
{
  "model": "auth.permission",
  "pk": 7,
  "fields": {
    "name": "Can delete permission",
    "content_type": 2,
    "codename": "delete_permission"
  }
},
{
  "model": "auth.permission",
  "pk": 8,
  "fields": {
    "name": "Can view permission",
    "content_type": 2,
    "codename": "view_permission"
  }
},
{
  "model": "auth.permission",
  "pk": 9,
  "fields": {
    "name": "Can add group",
    "content_type": 3,
    "codename": "add_group"
  }
},
{
  "model": "auth.permission",
  "pk": 10,
  "fields": {
    "name": "Can change group",
    "content_type": 3,
    "codename": "change_group"
  }
},
{
  "model": "auth.permission",
  "pk": 11,
  "fields": {
    "name": "Can delete group",
    "content_type": 3,
    "codename": "delete_group"
  }
},
{
  "model": "auth.permission",
  "pk": 12,
  "fields": {
    "name": "Can view group",
    "content_type": 3,
    "codename": "view_group"
  }
},
{
  "model": "auth.permission",
  "pk": 13,
  "fields": {
    "name": "Can add user",
    "content_type": 4,
    "codename": "add_user"
  }
},
{
  "model": "auth.permission",
  "pk": 14,
  "fields": {
    "name": "Can change user",
    "content_type": 4,
    "codename": "change_user"
  }
},
{
  "model": "auth.permission",
  "pk": 15,
  "fields": {
    "name": "Can delete user",
    "content_type": 4,
    "codename": "delete_user"
  }
},
{
  "model": "auth.permission",
  "pk": 16,
  "fields": {
    "name": "Can view user",
    "content_type": 4,
    "codename": "view_user"
  }
},
{
  "model": "auth.permission",
  "pk": 17,
  "fields": {
    "name": "Can add content type",
    "content_type": 5,
    "codename": "add_contenttype"
  }
},
{
  "model": "auth.permission",
  "pk": 18,
  "fields": {
    "name": "Can change content type",
    "content_type": 5,
    "codename": "change_contenttype"
  }
},
{
  "model": "auth.permission",
  "pk": 19,
  "fields": {
    "name": "Can delete content type",
    "content_type": 5,
    "codename": "delete_contenttype"
  }
},
{
  "model": "auth.permission",
  "pk": 20,
  "fields": {
    "name": "Can view content type",
    "content_type": 5,
    "codename": "view_contenttype"
  }
},
{
  "model": "auth.permission",
  "pk": 21,
  "fields": {
    "name": "Can add session",
    "content_type": 6,
    "codename": "add_session"
  }
},
{
  "model": "auth.permission",
  "pk": 22,
  "fields": {
    "name": "Can change session",
    "content_type": 6,
    "codename": "change_session"
  }
},
{
  "model": "auth.permission",
  "pk": 23,
  "fields": {
    "name": "Can delete session",
    "content_type": 6,
    "codename": "delete_session"
  }
},
{
  "model": "auth.permission",
  "pk": 24,
  "fields": {
    "name": "Can view session",
    "content_type": 6,
    "codename": "view_session"
  }
},
{
  "model": "auth.permission",
  "pk": 25,
  "fields": {
    "name": "Can add site",
    "content_type": 7,
    "codename": "add_site"
  }
},
{
  "model": "auth.permission",
  "pk": 26,
  "fields": {
    "name": "Can change site",
    "content_type": 7,
    "codename": "change_site"
  }
},
{
  "model": "auth.permission",
  "pk": 27,
  "fields": {
    "name": "Can delete site",
    "content_type": 7,
    "codename": "delete_site"
  }
},
{
  "model": "auth.permission",
  "pk": 28,
  "fields": {
    "name": "Can view site",
    "content_type": 7,
    "codename": "view_site"
  }
},
{
  "model": "auth.permission",
  "pk": 29,
  "fields": {
    "name": "Can add brands",
    "content_type": 8,
    "codename": "add_brands"
  }
},
{
  "model": "auth.permission",
  "pk": 30,
  "fields": {
    "name": "Can change brands",
    "content_type": 8,
    "codename": "change_brands"
  }
},
{
  "model": "auth.permission",
  "pk": 31,
  "fields": {
    "name": "Can delete brands",
    "content_type": 8,
    "codename": "delete_brands"
  }
},
{
  "model": "auth.permission",
  "pk": 32,
  "fields": {
    "name": "Can view brands",
    "content_type": 8,
    "codename": "view_brands"
  }
},
{
  "model": "auth.permission",
  "pk": 33,
  "fields": {
    "name": "Can add product category",
    "content_type": 9,
    "codename": "add_productcategory"
  }
},
{
  "model": "auth.permission",
  "pk": 34,
  "fields": {
    "name": "Can change product category",
    "content_type": 9,
    "codename": "change_productcategory"
  }
},
{
  "model": "auth.permission",
  "pk": 35,
  "fields": {
    "name": "Can delete product category",
    "content_type": 9,
    "codename": "delete_productcategory"
  }
},
{
  "model": "auth.permission",
  "pk": 36,
  "fields": {
    "name": "Can view product category",
    "content_type": 9,
    "codename": "view_productcategory"
  }
},
{
  "model": "auth.permission",
  "pk": 37,
  "fields": {
    "name": "Can add products",
    "content_type": 10,
    "codename": "add_products"
  }
},
{
  "model": "auth.permission",
  "pk": 38,
  "fields": {
    "name": "Can change products",
    "content_type": 10,
    "codename": "change_products"
  }
},
{
  "model": "auth.permission",
  "pk": 39,
  "fields": {
    "name": "Can delete products",
    "content_type": 10,
    "codename": "delete_products"
  }
},
{
  "model": "auth.permission",
  "pk": 40,
  "fields": {
    "name": "Can view products",
    "content_type": 10,
    "codename": "view_products"
  }
},
{
  "model": "auth.permission",
  "pk": 41,
  "fields": {
    "name": "Can add category",
    "content_type": 11,
    "codename": "add_category"
  }
},
{
  "model": "auth.permission",
  "pk": 42,
  "fields": {
    "name": "Can change category",
    "content_type": 11,
    "codename": "change_category"
  }
},
{
  "model": "auth.permission",
  "pk": 43,
  "fields": {
    "name": "Can delete category",
    "content_type": 11,
    "codename": "delete_category"
  }
},
{
  "model": "auth.permission",
  "pk": 44,
  "fields": {
    "name": "Can view category",
    "content_type": 11,
    "codename": "view_category"
  }
},
{
  "model": "auth.permission",
  "pk": 45,
  "fields": {
    "name": "Can add post",
    "content_type": 12,
    "codename": "add_post"
  }
},
{
  "model": "auth.permission",
  "pk": 46,
  "fields": {
    "name": "Can change post",
    "content_type": 12,
    "codename": "change_post"
  }
},
{
  "model": "auth.permission",
  "pk": 47,
  "fields": {
    "name": "Can delete post",
    "content_type": 12,
    "codename": "delete_post"
  }
},
{
  "model": "auth.permission",
  "pk": 48,
  "fields": {
    "name": "Can view post",
    "content_type": 12,
    "codename": "view_post"
  }
},
{
  "model": "auth.permission",
  "pk": 49,
  "fields": {
    "name": "Can add comment",
    "content_type": 13,
    "codename": "add_comment"
  }
},
{
  "model": "auth.permission",
  "pk": 50,
  "fields": {
    "name": "Can change comment",
    "content_type": 13,
    "codename": "change_comment"
  }
},
{
  "model": "auth.permission",
  "pk": 51,
  "fields": {
    "name": "Can delete comment",
    "content_type": 13,
    "codename": "delete_comment"
  }
},
{
  "model": "auth.permission",
  "pk": 52,
  "fields": {
    "name": "Can view comment",
    "content_type": 13,
    "codename": "view_comment"
  }
},
{
  "model": "auth.permission",
  "pk": 53,
  "fields": {
    "name": "Can add about us",
    "content_type": 14,
    "codename": "add_aboutus"
  }
},
{
  "model": "auth.permission",
  "pk": 54,
  "fields": {
    "name": "Can change about us",
    "content_type": 14,
    "codename": "change_aboutus"
  }
},
{
  "model": "auth.permission",
  "pk": 55,
  "fields": {
    "name": "Can delete about us",
    "content_type": 14,
    "codename": "delete_aboutus"
  }
},
{
  "model": "auth.permission",
  "pk": 56,
  "fields": {
    "name": "Can view about us",
    "content_type": 14,
    "codename": "view_aboutus"
  }
},
{
  "model": "auth.permission",
  "pk": 57,
  "fields": {
    "name": "Can add single page",
    "content_type": 15,
    "codename": "add_singlepage"
  }
},
{
  "model": "auth.permission",
  "pk": 58,
  "fields": {
    "name": "Can change single page",
    "content_type": 15,
    "codename": "change_singlepage"
  }
},
{
  "model": "auth.permission",
  "pk": 59,
  "fields": {
    "name": "Can delete single page",
    "content_type": 15,
    "codename": "delete_singlepage"
  }
},
{
  "model": "auth.permission",
  "pk": 60,
  "fields": {
    "name": "Can view single page",
    "content_type": 15,
    "codename": "view_singlepage"
  }
},
{
  "model": "auth.permission",
  "pk": 61,
  "fields": {
    "name": "Can add menu item",
    "content_type": 16,
    "codename": "add_menuitem"
  }
},
{
  "model": "auth.permission",
  "pk": 62,
  "fields": {
    "name": "Can change menu item",
    "content_type": 16,
    "codename": "change_menuitem"
  }
},
{
  "model": "auth.permission",
  "pk": 63,
  "fields": {
    "name": "Can delete menu item",
    "content_type": 16,
    "codename": "delete_menuitem"
  }
},
{
  "model": "auth.permission",
  "pk": 64,
  "fields": {
    "name": "Can view menu item",
    "content_type": 16,
    "codename": "view_menuitem"
  }
},
{
  "model": "auth.permission",
  "pk": 65,
  "fields": {
    "name": "Can add menu",
    "content_type": 17,
    "codename": "add_menu"
  }
},
{
  "model": "auth.permission",
  "pk": 66,
  "fields": {
    "name": "Can change menu",
    "content_type": 17,
    "codename": "change_menu"
  }
},
{
  "model": "auth.permission",
  "pk": 67,
  "fields": {
    "name": "Can delete menu",
    "content_type": 17,
    "codename": "delete_menu"
  }
},
{
  "model": "auth.permission",
  "pk": 68,
  "fields": {
    "name": "Can view menu",
    "content_type": 17,
    "codename": "view_menu"
  }
},
{
  "model": "auth.permission",
  "pk": 69,
  "fields": {
    "name": "Can add event type",
    "content_type": 18,
    "codename": "add_eventtype"
  }
},
{
  "model": "auth.permission",
  "pk": 70,
  "fields": {
    "name": "Can change event type",
    "content_type": 18,
    "codename": "change_eventtype"
  }
},
{
  "model": "auth.permission",
  "pk": 71,
  "fields": {
    "name": "Can delete event type",
    "content_type": 18,
    "codename": "delete_eventtype"
  }
},
{
  "model": "auth.permission",
  "pk": 72,
  "fields": {
    "name": "Can view event type",
    "content_type": 18,
    "codename": "view_eventtype"
  }
},
{
  "model": "auth.permission",
  "pk": 73,
  "fields": {
    "name": "Can add event",
    "content_type": 19,
    "codename": "add_event"
  }
},
{
  "model": "auth.permission",
  "pk": 74,
  "fields": {
    "name": "Can change event",
    "content_type": 19,
    "codename": "change_event"
  }
},
{
  "model": "auth.permission",
  "pk": 75,
  "fields": {
    "name": "Can delete event",
    "content_type": 19,
    "codename": "delete_event"
  }
},
{
  "model": "auth.permission",
  "pk": 76,
  "fields": {
    "name": "Can view event",
    "content_type": 19,
    "codename": "view_event"
  }
},
{
  "model": "auth.user",
  "pk": 1,
  "fields": {
    "password": "pbkdf2_sha256$216000$f2613g8nGuBT$9jWe8ANMJJVifBwSrbHb3IbuQj5v5YxYwLF5Mf0iAho=",
    "last_login": "2020-09-18T18:02:22.763Z",
    "is_superuser": true,
    "username": "bahador",
    "first_name": "",
    "last_name": "",
    "email": "bghad1@gmail.com",
    "is_staff": true,
    "is_active": true,
    "date_joined": "2020-09-18T18:02:04.463Z",
    "groups": [],
    "user_permissions": []
  }
},
{
  "model": "contenttypes.contenttype",
  "pk": 1,
  "fields": {
    "app_label": "admin",
    "model": "logentry"
  }
},
{
  "model": "contenttypes.contenttype",
  "pk": 2,
  "fields": {
    "app_label": "auth",
    "model": "permission"
  }
},
{
  "model": "contenttypes.contenttype",
  "pk": 3,
  "fields": {
    "app_label": "auth",
    "model": "group"
  }
},
{
  "model": "contenttypes.contenttype",
  "pk": 4,
  "fields": {
    "app_label": "auth",
    "model": "user"
  }
},
{
  "model": "contenttypes.contenttype",
  "pk": 5,
  "fields": {
    "app_label": "contenttypes",
    "model": "contenttype"
  }
},
{
  "model": "contenttypes.contenttype",
  "pk": 6,
  "fields": {
    "app_label": "sessions",
    "model": "session"
  }
},
{
  "model": "contenttypes.contenttype",
  "pk": 7,
  "fields": {
    "app_label": "sites",
    "model": "site"
  }
},
{
  "model": "contenttypes.contenttype",
  "pk": 8,
  "fields": {
    "app_label": "brands",
    "model": "brands"
  }
},
{
  "model": "contenttypes.contenttype",
  "pk": 9,
  "fields": {
    "app_label": "brands",
    "model": "productcategory"
  }
},
{
  "model": "contenttypes.contenttype",
  "pk": 10,
  "fields": {
    "app_label": "brands",
    "model": "products"
  }
},
{
  "model": "contenttypes.contenttype",
  "pk": 11,
  "fields": {
    "app_label": "blog",
    "model": "category"
  }
},
{
  "model": "contenttypes.contenttype",
  "pk": 12,
  "fields": {
    "app_label": "blog",
    "model": "post"
  }
},
{
  "model": "contenttypes.contenttype",
  "pk": 13,
  "fields": {
    "app_label": "blog",
    "model": "comment"
  }
},
{
  "model": "contenttypes.contenttype",
  "pk": 14,
  "fields": {
    "app_label": "about_us",
    "model": "aboutus"
  }
},
{
  "model": "contenttypes.contenttype",
  "pk": 15,
  "fields": {
    "app_label": "page",
    "model": "singlepage"
  }
},
{
  "model": "contenttypes.contenttype",
  "pk": 16,
  "fields": {
    "app_label": "menu",
    "model": "menuitem"
  }
},
{
  "model": "contenttypes.contenttype",
  "pk": 17,
  "fields": {
    "app_label": "menu",
    "model": "menu"
  }
},
{
  "model": "contenttypes.contenttype",
  "pk": 18,
  "fields": {
    "app_label": "event",
    "model": "eventtype"
  }
},
{
  "model": "contenttypes.contenttype",
  "pk": 19,
  "fields": {
    "app_label": "event",
    "model": "event"
  }
},
{
  "model": "sessions.session",
  "pk": "t16ip47kb5xrtfgdcmapohby5ri5cg7o",
  "fields": {
    "session_data": ".eJxVjDsOwjAQRO_iGllefzElfc5geXcNDiBHipMKcXcSKQV0o3lv5i1SXpea1l7mNLK4CBCn3w4zPUvbAT9yu0-SprbMI8pdkQftcpi4vK6H-3dQc6_b2kT07JyzN322gMQavfJkdARvkPOWdIBAmoMCT-wxRmU5YgbDBEV8vswDN44:1kJKiE:IUzxqajEOdS58v1rZ8vWgfAaNi75-qwjAugufnLSRRI",
    "expire_date": "2020-10-02T18:02:22.941Z"
  }
},
{
  "model": "sites.site",
  "pk": 1,
  "fields": {
    "domain": "example.com",
    "name": "example.com"
  }
},
{
  "model": "brands.brands",
  "pk": 1,
  "fields": {
    "brand_name": "یخساران",
    "brand_description": "شرکت تولیدی صنعتی یخساران که درزمره بزرگترین کارخانجات صنایع برودتی کشور میباشد درسال 1340 شمسی با تولید اولین آبسردکن ساخت ایران با نام (زادا) فعالیت خود را آغازنمود. محصولات تولیدی زادا در زمان کوتاهی جایگاه مناسبی دربازاربدست آورد و با استقبال روز افزون مصرف کنندگان مواجه گردید. با اخذ پروانه تاسیس وبهره برداری از وزارت صنایع دامنه فعالیت شرکت گسترش بیشتری یافت . پس از پیروزی انقلاب اسلامی نام (زادا) به (شرکت یخساران سهامی خاص) تغییر یافت و تولیدات آن از لحاظ تنوع به ده‌ها نوع مشتمل گردید. درحال حاضر شرکت یخساران علاوه بر تولید انواع آبسردکن، فریزرهای صندوقی و یخچال فریزرهای خانگی در ابعاد و اندازه های گوناگون، اقدام به ساخت فریزر و یخچال فریزر بدون برفک ( نوفراست ) و دوقلو نموده است. یخچال فریزرهای تولیدی شرکت یخساران درطرح‌ها و رنگهای بی نظیر براساس جدیدترین استانداردهای بین المللی تولید و ارائه می گردد. این شرکت با چهل سال تجربه درصنایع برودتی علاوه بر کنترل کیفی محصول ازطریق آزمایشگاه فیزیک، اتاق تست و دستگاههای مجهز به ابزار اندازه گیری دقیق، کلیه مواد و قطعات مربوط را مطابق استاندارد تست می نماید. فرم استفاده شده برای عایق بندی ازنوع پلی یورتان تاثیر زیادی درطول عمر کمپرسور و کاهش مصرف برق دارد. در محصولات یخساران، از بهترین نوع کمپرسورکه با شرایط آب وهوایی ایران و نوسانات برق سازگار است استفاده شده است. جهت جلوگیری از تعریق درمناطق گرم و مرطوب و لوله های گرم دراطراف فریزر بکار رفته است. وان داخلی یخچال فریزر از بهترین مواد ABS  وبا استفاده از جدیدترین ماشین آلات وکیوم فرمینگ ساخته میشود. محصولات یخساران با رنگ پودری به شیوه الکترواستاتیک ورق گالوانیزه روکشدار و با طرح چرم در رنگهای متنوع عرضه می گردد.",
    "brand_logo": "img/logo/yakhsaran.png",
    "show_brand": true,
    "brand_index": 1,
    "brand_product_category": [
      1
    ]
  }
},
{
  "model": "brands.brands",
  "pk": 2,
  "fields": {
    "brand_name": "بنس",
    "brand_description": "این مجموعه با بیش از ۲۰سال سابقه درخشان در زمینه تهیه و توزیع لوازم خانگی بصورت گسترده در سطح کشور مشغول به فعالیت میباشد، که در اوایل دهه ۹۰با ثبت وایجاد برندایرانی بنس (Beness )نقطه عطفی درکارنامه کاری خود رقم زد وبا تولید انواع اجاقهای رومیزی ،هود وتهیه انواع کالاهای باکیفیت ازکارخانجات معتبر داخلی دارای علم وتخصص ومجهز به تکنولوژی روز دنیا در صنعت لوازم خانگی که هدف نهایی کیفیت برترو جلب رضایت مشتریان و مصرف کنندگان می باشد را خط مشی خود قرار داد همچون انواع یخچال فریزرها که از شرکت گل اسای سرما تهیه و با برند پر افتخار بنس در سطح کشور عرضه و توزیع میگرددکه با گذشت زمان در جهت تامین دیگر نیازهای مشتریان نسبت به ایجاد تنوع و تکمیل سبد توانسته جوابگوی بخش عمده ای از درخواستهای مشتریان را بر آورده نماید که درسال ۹۸شاهد اوج و رشد شکوفایی برند بنس بودیم که با طراحی وارايه انواع لباسشویی اتوماتیک ،تلویزیون ،لباسشویی دوقلو،جاروبرقی ،اجاق فرمبله وفرتوکاربرگ زرینی به افتخارات خود افزود.",
    "brand_logo": "img/logo/beness-logo.png",
    "show_brand": true,
    "brand_index": 1,
    "brand_product_category": [
      1
    ]
  }
},
{
  "model": "brands.brands",
  "pk": 3,
  "fields": {
    "brand_name": "پیلوت",
    "brand_description": "کارخانه تولیدی صنعتی پیلوت (اندیشه گستر اروند ایرانیان)  در سال 1356 و در منطقه صنعتی سیمین دشت کرج پا به عرصه تولید انواع اجاق گاز خانگی نهاد و از سال 1386 پس از حضور آقای مهندس غلامرضا محجوب در سمت مدیریت عامل ، این شرکت استراتژی تولیدات خود را بر پایه بهبود مستمر و تنوع  محصولات با کیفیت جهت برآورده کردن نیازهای متنوع مشتریان بنا نهاده و با به خدمت گرفتن کارشناسان مجرب توسط مدیریتی خلاق و کار آفرین ، در مدتی اندک توانسته است خود را بعنوان یک تولید کننده پیشرو در صنعت تولید اجاق گاز مطرح نماید . در این راستا گروه صنعتی پیلوت پس از این تحول ، علاوه بر کسب انواع جوایز و استانداردهای داخلی ، موفق به کسب جوایزی بین المللی از قبیل طلای مدیریت کیفیت جهانی آمریکا ، ستاره کیفیت اسپانیا ، کیفیت و برتری تولیدات اسپانیا ، کسب رضایت مصرف کننده اسپانیا ، نوآوری و تکنولوژی CC100 اسپانیا و کیفیت برتر آلمان شده است .",
    "brand_logo": "img/logo/pilot.png",
    "show_brand": true,
    "brand_index": 1,
    "brand_product_category": [
      2
    ]
  }
},
{
  "model": "brands.brands",
  "pk": 4,
  "fields": {
    "brand_name": "ویداس",
    "brand_description": "برند ویداس یک از بهترین برند های لوازم خانگی ایرانی محسوب میشود که از لحاظ کیفیت و کارایی میتوان با برند های مطرح خارجی آن را قیاس کرد.\r\nطیف وسیع محصولات این برند از قبیل لوازم برقی آشپزخانه و لوازم خانگی در مدل های مختلف توانسته سهم قابل قبولی از بازار را به خود اختصاص دهد و با قیمتی مناسب تر جایگاه خود را در بین رقبای خارجی و ایرانی پیدا کند.\r\nویداس برای رسیدن به سهم بیشتر بازار و محبوبیت بین مردم از سیاست مردمی برای تولید محصولات خود استفاده میکند.\r\nویداس از معدود شرکت های ایرانی است که برای تولید محصولات خود از تکنولوژی های روز و مدرن استفاده میکند تا بتواند خود را جزو برند های برتر لوازم خانگی در بین معرفی کند.\r\nبا ارائه ی محصول با کیفیت و خدمات پس از فروش گسترده سعی در بدست آوردن اعتماد مردم و ارائه ی محصولی با کیفیت و جایگاه خود را در آشپزخانه های خانه های ایرانی باز کند.",
    "brand_logo": "img/logo/vidas.png",
    "show_brand": true,
    "brand_index": 1,
    "brand_product_category": [
      3,
      4,
      5,
      6,
      7,
      8,
      9
    ]
  }
},
{
  "model": "brands.brands",
  "pk": 5,
  "fields": {
    "brand_name": "بیم",
    "brand_description": "محصولات شرکت بیم بر اساس آخرین دستاوردهای موجود در دنیای لوازم خانگی ساخته شده. به منظور اطمینان از کیفیت و کارایی، محصولات این شرکت بعد از چندین مرحله تست و ارزیابی کیفی روانه بازار مصرف میشود.\r\nمحصولات شرکت بیم طیف وسیعی از لوازم خانگی را شامل می شود از جمله آنها می توان به محصولات زیر اشاره کرد:\r\nآرام پز، بخار پز، فر برقی، چایساز، قهوه ساز، دستگاه گریل، ساندویچ ساز، پلوپز، آرام پز، سرخ کن، چرخ گوشت، غذاساز، جارو برقی، اتو بخار و اتو پرس",
    "brand_logo": "img/logo/beem.png",
    "show_brand": true,
    "brand_index": 1,
    "brand_product_category": [
      3,
      10
    ]
  }
},
{
  "model": "brands.brands",
  "pk": 6,
  "fields": {
    "brand_name": "سپهر الکتریک",
    "brand_description": "شركت سپهرالكتريك درسال 1359 به منظور تولید انواع لوازم خانگی،كارخانه اي درشهرصنعتی البرز قزوین در زمینی به متراژ 20000مترمربع احداث گردید. اکنون با گذشت سالها تلاش بی وقفه وشبانه روزی و با توسعه وسعت کارخانه به متراژ 75000مترمربع درحال تولید انواع محصولات از قبیل کولرآبی ، بخاری گازی ، آبگرمکن های مخزنی گازی و برقی و انواع ماشین لباسشویی تمام اتوماتیک و به بهره برداری رسیدن خط مونتاژ اجاق گاز صفحه ای افتخاری عظیم درعرصه صنعت میهن ایران اسلامی میباشد.",
    "brand_logo": "img/logo/sepehr-electric.png",
    "show_brand": true,
    "brand_index": 1,
    "brand_product_category": [
      11,
      12,
      13
    ]
  }
},
{
  "model": "brands.brands",
  "pk": 7,
  "fields": {
    "brand_name": "برونت",
    "brand_description": "برونت با هدف ارائه محصولات بسیار با کیفیت در حوزه لوازم خانگی ، چشم به جهان گشود. ارائه محصولاتی همچون یخچال و تلویزیون در حوزه لوازم خانگی ، آغازی قدرتمند برای این برند بود. شرکت برونت محصولات خود را در ایران نیز عرضه می کند و روز به روز سبد کالا خود را گسترش می دهد",
    "brand_logo": "img/logo/brewont.png",
    "show_brand": true,
    "brand_index": 2,
    "brand_product_category": [
      14
    ]
  }
},
{
  "model": "brands.brands",
  "pk": 9,
  "fields": {
    "brand_name": "مجیک",
    "brand_description": "مجیک جادوی فن آوری، کیفیت و نوآوری را برای خانه ها به ارمغان می آورد. برند مجیک کولینگ، به دنبال حضوری پررنگ بعنوان یکی از سه برند اول در بخش لوازم خانگی ایران در سال 1400 است. ماموریت مجیک: مشتری مداری، تنوع محصولات، همکاری با قابل اعتمادترین تولیدکنندگان در سراسر جهان، توسعه منابع انسانی توسعه خدمات پس از فروش میباشد.",
    "brand_logo": "img/logo/magic_pz5XoEU.png",
    "show_brand": true,
    "brand_index": 2,
    "brand_product_category": [
      1,
      14,
      15,
      17
    ]
  }
},
{
  "model": "brands.productcategory",
  "pk": 1,
  "fields": {
    "category_name": "یخچال فریزر"
  }
},
{
  "model": "brands.productcategory",
  "pk": 2,
  "fields": {
    "category_name": "اجاق گاز"
  }
},
{
  "model": "brands.productcategory",
  "pk": 3,
  "fields": {
    "category_name": "جاروبرقی"
  }
},
{
  "model": "brands.productcategory",
  "pk": 4,
  "fields": {
    "category_name": "چای ساز"
  }
},
{
  "model": "brands.productcategory",
  "pk": 5,
  "fields": {
    "category_name": "تخم مرغ پز"
  }
},
{
  "model": "brands.productcategory",
  "pk": 6,
  "fields": {
    "category_name": "چرخ گوشت"
  }
},
{
  "model": "brands.productcategory",
  "pk": 7,
  "fields": {
    "category_name": "خرد کن"
  }
},
{
  "model": "brands.productcategory",
  "pk": 8,
  "fields": {
    "category_name": "اتو"
  }
},
{
  "model": "brands.productcategory",
  "pk": 9,
  "fields": {
    "category_name": "پنکه"
  }
},
{
  "model": "brands.productcategory",
  "pk": 10,
  "fields": {
    "category_name": "غذاساز"
  }
},
{
  "model": "brands.productcategory",
  "pk": 11,
  "fields": {
    "category_name": "بخاری گازی"
  }
},
{
  "model": "brands.productcategory",
  "pk": 12,
  "fields": {
    "category_name": "بخاری"
  }
},
{
  "model": "brands.productcategory",
  "pk": 13,
  "fields": {
    "category_name": "آبگرمکن"
  }
},
{
  "model": "brands.productcategory",
  "pk": 14,
  "fields": {
    "category_name": "تلویزیون"
  }
},
{
  "model": "brands.productcategory",
  "pk": 15,
  "fields": {
    "category_name": "ماشین لباسشویی"
  }
},
{
  "model": "brands.productcategory",
  "pk": 16,
  "fields": {
    "category_name": "ماشین ظرفشویی"
  }
},
{
  "model": "brands.productcategory",
  "pk": 17,
  "fields": {
    "category_name": "کولر گازی"
  }
},
{
  "model": "brands.products",
  "pk": 1,
  "fields": {
    "product_name": "یخچال فریزر کمبی بنس مدل C5",
    "product_category": 1,
    "product_description": "یخچال فریزر بنس مدل c5",
    "product_image": "img/product/refrigerator-beness-c5-1.jpg",
    "show_product": true,
    "product_index": 1,
    "product_brand": [
      2
    ]
  }
},
{
  "model": "brands.products",
  "pk": 2,
  "fields": {
    "product_name": "یخچال فریزر دوقلوی بنس مدل T7",
    "product_category": 1,
    "product_description": "یخچال فریزر بنس مدل T7",
    "product_image": "img/product/refrigerator-beness-t7-white0.jpg",
    "show_product": true,
    "product_index": 1,
    "product_brand": [
      2
    ]
  }
},
{
  "model": "brands.products",
  "pk": 3,
  "fields": {
    "product_name": "یخچال فریزر دوقلوی بنس مدل D4i",
    "product_category": 1,
    "product_description": "یخچال فریزر دوقلوی بنس مدل D4i",
    "product_image": "img/product/refrigrator-d4i.jpg",
    "show_product": true,
    "product_index": 1,
    "product_brand": [
      2
    ]
  }
},
{
  "model": "about_us.aboutus",
  "pk": 1,
  "fields": {
    "about_description": "بازرگانی رادمهر از سال 1377 با هدف ارائه کالای روز حضور نمایندگان فروش با فعالییت گسترده در صنف نفت و گاز و الکتریک ( لوازم خانگی ) تاسیس و با حسن خدمات طی 21 سال گذشته نسبت به پخش و عمده فروشی در سطح کشوری و ایجاد شبکه فروش فعال در کلیه سطوح در خدمت مشتریان دارای اعتبار اقدام نموده است.\r\n\r\nبزرگترین دغدغه بازرگانی رادمهر کیفیت محصولات و خدمات پس از فروش آن چه در محصولات وارداتی و چه اقلام تولید شده داخل کشور بوده است و به همین دلیل در زمان طراحی محصولات خانگی بنس (BENESS) که برند انحصاری مجموعه می باشد از بهترین مواد اولیه و جدیدترین طراحی روز استفاده شده که این مهم موجب افزایش فروش و تعلق خاطر نمایندگان به مجموعه گردیده است."
  }
},
{
  "model": "page.singlepage",
  "pk": 1,
  "fields": {
    "title": "درباره ما",
    "slug": "about-us",
    "body": "<p style=\"text-align: right; direction: rtl;\"><a href=\"http://radmehr-co.com\" target=\"_blank\" rel=\"noopener\">شرکت بازرگانی رادمهر</a> از سال 1377 با هدف ارائه کالای روز حضور نمایندگان فروش با فعالیت گسترده در صنف نفت و گاز و الکتریک ( لوازم خانگی ) تاسیس و با حسن خدمات طی 21 سال گذشته نسبت به پخش و عمده فروشی در سطح کشوری و ایجاد شبکه فروش فعال در کلیه سطوح در خدمت مشتریان دارای اعتبار اقدام نموده است. بزرگترین دغدغه بازرگانی رادمهر کیفیت محصولات و خدمات پس از فروش آن چه در محصولات وارداتی و چه اقلام تولید شده داخل کشور بوده است و به همین دلیل در زمان طراحی محصولات خانگی بنس (BENESS) که برند انحصاری مجموعه می باشد از بهترین مواد اولیه و جدیدترین طراحی روز استفاده شده که این مهم موجب افزایش فروش و تعلق خاطر نمایندگان به مجموعه گردیده است.</p>",
    "head_img": "img/page/about-us.jpg",
    "publish": "2020-09-19T06:21:34Z",
    "created_on": "2020-09-19T06:24:15.162Z",
    "last_modified": "2020-09-22T15:51:38.121Z",
    "show_page": true,
    "page_index": 1
  }
},
{
  "model": "page.singlepage",
  "pk": 2,
  "fields": {
    "title": "تماس با ما",
    "slug": "contact",
    "body": "<p style=\"text-align: right; direction: rtl;\"><span style=\"font-size: 14pt;\">آدرس: بزرگراه رسالت شرق، ساختمان سرسبز،پلاک 531،طبقه 3 واحد 9</span></p>\r\n<p style=\"text-align: right; direction: rtl;\"><span style=\"font-size: 14pt;\">شماره تماس: 02177194475 ، 02177194474</span></p>\r\n<p style=\"text-align: right; direction: rtl;\"><span style=\"font-size: 14pt;\">پست الکترونیک: support@radmehr-co.com</span></p>",
    "head_img": "img/page/contact-us.jpg",
    "publish": "2020-09-22T12:50:33Z",
    "created_on": "2020-09-22T12:56:16.404Z",
    "last_modified": "2020-09-22T15:55:28.999Z",
    "show_page": true,
    "page_index": 2
  }
},
{
  "model": "page.singlepage",
  "pk": 3,
  "fields": {
    "title": "تیم رادمهر",
    "slug": "radmehr-team",
    "body": "<h2 style=\"text-align: center;\"><span style=\"color: #e03e2d;\"><strong><span style=\"font-size: 14pt;\">تیم بازرگانی رادمهر</span></strong></span></h2>",
    "head_img": "img/page/radmehr-team.jpg",
    "publish": "2020-09-22T16:00:02Z",
    "created_on": "2020-09-22T16:04:24.360Z",
    "last_modified": "2020-09-22T16:04:24.360Z",
    "show_page": true,
    "page_index": 3
  }
},
{
  "model": "page.singlepage",
  "pk": 4,
  "fields": {
    "title": "شرایط نمایندگی",
    "slug": "terms",
    "body": "<h2 style=\"text-align: center; direction: rtl;\"><strong>شرایط نمایندگی شرکت بازرگانی رادمهر به شرح زیر است:</strong></h2>",
    "head_img": "img/page/terms-of-representation.jpg",
    "publish": "2020-09-22T16:41:54Z",
    "created_on": "2020-09-22T16:51:14.065Z",
    "last_modified": "2020-09-22T16:51:31.390Z",
    "show_page": true,
    "page_index": 4
  }
},
{
  "model": "page.singlepage",
  "pk": 5,
  "fields": {
    "title": "خدمات پس از فروش",
    "slug": "after-sale-services",
    "body": "<h2 style=\"text-align: center;\"><span style=\"font-size: 14pt;\"><strong><span style=\"color: #e03e2d;\">لیست خدمات پس از فروش برندها به شرح زیر میباشد:</span></strong></span></h2>",
    "head_img": "img/page/after-sale-services.jpg",
    "publish": "2020-09-24T12:59:53Z",
    "created_on": "2020-09-24T13:00:55.578Z",
    "last_modified": "2020-09-24T13:18:23.325Z",
    "show_page": true,
    "page_index": 5
  }
},
{
  "model": "page.singlepage",
  "pk": 6,
  "fields": {
    "title": "فرصت های شغلی",
    "slug": "careers",
    "body": "<h2 style=\"text-align: center;\"><span style=\"font-size: 14pt;\"><strong><span style=\"color: #e03e2d;\">در این قسمت فرصت های شغلی بازرگانی رادمهر را مشاهده میکنید:</span></strong></span></h2>",
    "head_img": "img/page/careers.jpg",
    "publish": "2020-09-24T13:07:05Z",
    "created_on": "2020-09-24T13:13:58.853Z",
    "last_modified": "2020-09-24T13:13:58.853Z",
    "show_page": true,
    "page_index": 6
  }
},
{
  "model": "page.singlepage",
  "pk": 7,
  "fields": {
    "title": "درخواست نمایندگی",
    "slug": "branch-request",
    "body": "<h2 style=\"text-align: center;\"><span style=\"color: #e03e2d; font-size: 14pt;\">در صورتی که درخواست نمایندگی شرکت بازرگانی رادمهر را دارید این صفحه برای شماست:</span></h2>",
    "head_img": "img/page/darkhast-namayandegi.jpg",
    "publish": "2020-09-24T13:21:17Z",
    "created_on": "2020-09-24T13:24:30.608Z",
    "last_modified": "2020-09-24T13:24:30.608Z",
    "show_page": true,
    "page_index": 7
  }
},
{
  "model": "event.eventtype",
  "pk": 5,
  "fields": {
    "name": "سمینار"
  }
},
{
  "model": "event.eventtype",
  "pk": 6,
  "fields": {
    "name": "نمایشگاه"
  }
},
{
  "model": "event.event",
  "pk": 1,
  "fields": {
    "title": "سمینار یخساران",
    "slug": "seminar-pilot",
    "body": "<p>سمینار پیلوتسمینار پیلوتسمینار پیلوتسمینار پیلوتسمینار پیلوتسمینار پیلوتسمینار پیلوتسمینار پیلوتسمینار پیلوتسمینار پیلوتسمینار پیلوتسمینار پیلوتسمینار پیلوتسمینار پیلوتسمینار پیلوتسمینار پیلوتسمینار پیلوتسمینار پیلوتسمینار پیلوتسمینار پیلوتسمینار پیلوتسمینار پیلوتسمینار پیلوتسمینار پیلوتسمینار پیلوتسمینار پیلوتسمینار پیلوتسمینار پیلوتسمینار پیلوتسمینار پیلوتسمینار پیلوتسمینار پیلوتسمینار پیلوتسمینار پیلوتسمینار پیلوتسمینار پیلوتسمینار پیلوتسمینار پیلوت</p>",
    "publish": "2020-09-24T09:46:04Z",
    "created_on": "2020-09-24T09:47:03.848Z",
    "last_modified": "2020-09-24T09:47:03.849Z",
    "events": 5,
    "event_type": "seminar",
    "status": "published",
    "event_index": 1
  }
},
{
  "model": "event.event",
  "pk": 2,
  "fields": {
    "title": "نمایشگاه بین المللی 1",
    "slug": "namayeshgah",
    "body": "<p>نمایشگاه بین المللی 1نمایشگاه بین المللی 1نمایشگاه بین المللی 1نمایشگاه بین المللی 1نمایشگاه بین المللی 1نمایشگاه بین المللی 1نمایشگاه بین المللی 1نمایشگاه بین المللی 1نمایشگاه بین المللی 1نمایشگاه بین المللی 1نمایشگاه بین المللی 1نمایشگاه بین المللی 1نمایشگاه بین المللی 1نمایشگاه بین المللی 1نمایشگاه بین المللی 1نمایشگاه بین المللی 1نمایشگاه بین المللی 1</p>",
    "publish": "2020-09-24T09:47:07Z",
    "created_on": "2020-09-24T09:47:51.618Z",
    "last_modified": "2020-09-24T10:04:35.126Z",
    "events": 6,
    "event_type": "exhibition",
    "status": "published",
    "event_index": 1
  }
},
{
  "model": "event.event",
  "pk": 3,
  "fields": {
    "title": "نوزدهمین نمایشگاه بین المللی لوازم خانگی",
    "slug": "نوزدهمین-نمایشگاه-بین-المللی-لوازم-خانگی",
    "body": "<p>نمایشگاه بین المللی 1نمایشگاه بین المللی 1نمایشگاه بین المللی 1نمایشگاه بین المللی 1نمایشگاه بین المللی 1نمایشگاه بین المللی 1نمایشگاه بین المللی 1نمایشگاه بین المللی 1نمایشگاه بین المللی 1نمایشگاه بین المللی 1نمایشگاه بین المللی 1نمایشگاه بین المللی 1نمایشگاه بین المللی 1نمایشگاه بین المللی 1نمایشگاه بین المللی 1نمایشگاه بین المللی 1نمایشگاه بین المللی 1</p>",
    "publish": "2020-09-24T12:48:50Z",
    "created_on": "2020-09-24T12:50:43.220Z",
    "last_modified": "2020-09-24T12:51:33.049Z",
    "events": 6,
    "event_type": "exhibition",
    "status": "published",
    "event_index": 2
  }
}
]
